block,order_in_block,question,short_answer,legal_reference,legal_url,current_as_of
I. Общие положения по охране труда,1,Что такое охрана труда?,Совокупность мер для сохранения жизни и здоровья работников в процессе труда.,ТК РФ ст. 209,https://www.consultant.ru/document/cons_doc_LAW_34683/,2025-10-17
I. Общие положения по охране труда,2,Что такое система управления охраной труда (СУОТ)?,"Часть общей системы управления, включающая процедуры, ответственность и ресурсы по ОТ.",ТК РФ ст. 212.1; Приказ Минтруда № 776н,https://www.consultant.ru/document/cons_doc_LAW_34683/,2025-10-17
I. Общие положения по охране труда,3,Кто отвечает за организацию охраны труда?,Работодатель несёт полную ответственность за состояние охраны труда.,ТК РФ ст. 212,https://www.consultant.ru/document/cons_doc_LAW_34683/,2025-10-17
I. Общие положения по охране труда,4,Обязательно ли создавать службу охраны труда?,"Да, при численности свыше 50 работников.",ТК РФ ст. 217,https://www.consultant.ru/document/cons_doc_LAW_34683/,2025-10-17
I. Общие положения по охране труда,5,Можно ли возложить функции ОТ на стороннюю организацию?,"Да, по договору при численности до 50 работников.",ТК РФ ст. 217,https://www.consultant.ru/document/cons_doc_LAW_34683/,2025-10-17
I. Общие положения по охране труда,6,Что такое политика в области охраны труда?,"Документ, определяющий цели, задачи и принципы работы по ОТ.",Приказ Минтруда № 776н,https://www.consultant.ru/document/cons_doc_LAW_403335/,2025-10-17
I. Общие положения по охране труда,7,Какие документы входят в СУОТ?,"Политика, положения, инструкции, приказы, планы, журналы, отчёты.",Приказ Минтруда № 776н (прил.),https://www.consultant.ru/document/cons_doc_LAW_403335/,2025-10-17
I. Общие положения по охране труда,8,Какие органы контролируют охрану труда?,"ГИТ, Роспотребнадзор, прокуратура и иные надзорные органы.","ТК РФ; Федеральные законы № 426-ФЗ, № 52-ФЗ",https://www.consultant.ru/document/cons_doc_LAW_34683/,2025-10-17
I. Общие положения по охране труда,9,Что такое профессиональный риск?,Вероятность причинения вреда здоровью при выполнении трудовых обязанностей.,ГОСТ Р 12.0.010-2009,,2025-10-17
I. Общие положения по охране труда,10,Как часто пересматриваются документы по ОТ?,Не реже 1 раза в 3 года или при изменениях условий труда.,Приказ Минтруда № 776н,https://www.consultant.ru/document/cons_doc_LAW_403335/,2025-10-17
I. Общие положения по охране труда,11,Нужно ли утверждать Положение о СУОТ отдельным приказом?,"Да, с закреплением ответственных и порядка актуализации.",Приказ Минтруда № 776н,https://www.consultant.ru/document/cons_doc_LAW_403335/,2025-10-17
I. Общие положения по охране труда,12,Обязателен ли план мероприятий по ОТ?,"Да, с указанием сроков, ответственных и ресурсов.",ТК РФ ст. 212; Приказ № 776н,https://www.consultant.ru/document/cons_doc_LAW_34683/,2025-10-17
I. Общие положения по охране труда,13,Что такое комиссия по охране труда?,Коллегиальный орган для участия работников в управлении ОТ.,ТК РФ ст. 218,https://www.consultant.ru/document/cons_doc_LAW_34683/,2025-10-17
I. Общие положения по охране труда,14,Какие обязанности у работников в области ОТ?,"Соблюдать требования, применять СИЗ, проходить обучение и медосмотры.",ТК РФ ст. 214,https://www.consultant.ru/document/cons_doc_LAW_34683/,2025-10-17
I. Общие положения по охране труда,15,Как включить подрядчиков в систему ОТ?,Установить требования к ОТ в договорах и допускать по наряду/инструктажу.,ТК РФ ст. 212; Гражданско-правовые договоры,https://www.consultant.ru/document/cons_doc_LAW_34683/,2025-10-17
I. Общие положения по охране труда,16,Как управлять изменениями (изменение процессов/оборудования)?,"Проводить оценку рисков, обновлять инструкции и обучать персонал.",Приказ № 776н; ГОСТ Р 12.0.010-2009,,2025-10-17
I. Общие положения по охране труда,17,Нужны ли внутренние аудиты СУОТ?,"Да, периодически оценивать соответствие и результативность.",Приказ Минтруда № 776н,https://www.consultant.ru/document/cons_doc_LAW_403335/,2025-10-17
I. Общие положения по охране труда,18,Как фиксировать выявленные несоответствия?,Через реестр несоответствий и план корректирующих мероприятий.,Приказ Минтруда № 776н,https://www.consultant.ru/document/cons_doc_LAW_403335/,2025-10-17
I. Общие положения по охране труда,19,Допустима ли электронная форма журналов и актов?,"Да, при обеспечении идентификации, неизменности и хранения.",ТК РФ; 63-ФЗ об ЭП,https://www.consultant.ru/document/cons_doc_LAW_34683/,2025-10-17
I. Общие положения по охране труда,20,Что такое консультации и участие работников?,Механизмы информирования и участия персонала в вопросах ОТ.,"ТК РФ ст. 53, 218",https://www.consultant.ru/document/cons_doc_LAW_34683/,2025-10-17
I. Общие положения по охране труда,21,Как учитывать дистанционных работников?,"Распространять ОТ по локальным актам, учитывать риски удалённой работы.",ТК РФ гл. 49.1; ст. 214,https://www.consultant.ru/document/cons_doc_LAW_34683/,2025-10-17
I. Общие положения по охране труда,22,Нужны ли KPI и цели в СУОТ?,"Да, для измерения результативности и постоянного улучшения.",Приказ Минтруда № 776н,https://www.consultant.ru/document/cons_doc_LAW_403335/,2025-10-17
I. Общие положения по охране труда,23,Как готовиться к проверке ГИТ?,"Провести самооценку, актуализировать документы, обучить ответственных.",КоАП РФ ст. 5.27.1; ТК РФ ст. 360,https://www.consultant.ru/document/cons_doc_LAW_34661/88755cc3b9fd053aebba33b58078eb459aa5a1d8/,2025-10-17
I. Общие положения по охране труда,24,Какая ответственность за нарушения ОТ?,Штрафы и приостановка деятельности для должностных и юр. лиц.,КоАП РФ ст. 5.27.1,https://www.consultant.ru/document/cons_doc_LAW_34661/88755cc3b9fd053aebba33b58078eb459aa5a1d8/,2025-10-17
I. Общие положения по охране труда,25,Нужно ли учитывать профстандарты?,"Да, при установлении требований к должностям и обучению.",ФЗ № 238-ФЗ; Приказы Минтруда о профстандартах,https://www.consultant.ru/document/cons_doc_LAW_200485/,2025-10-17
I. Общие положения по охране труда,26,Что такое опасные и вредные производственные факторы?,"Факторы среды и трудового процесса, способные вызвать профзаболевание или травму.",ТК РФ ст. 209; ГОСТ 12.0.003-2015,https://www.consultant.ru/document/cons_doc_LAW_34683/,2025-10-17
I. Общие положения по охране труда,27,Какие гарантии и компенсации за вредные условия труда?,"Доплаты, сокращенный рабочий день, дополнительный отпуск, молоко.","ТК РФ ст. 92, 117, 147; Приказ № 291н",https://www.consultant.ru/document/cons_doc_LAW_34683/,2025-10-17
I. Общие положения по охране труда,28,Обязательна ли специальная оценка условий труда (СОУТ)?,"Да, для всех рабочих мест, кроме дистанционных и надомных.",ФЗ № 426-ФЗ ст. 3,https://www.consultant.ru/document/cons_doc_LAW_156555/,2025-10-17
I. Общие положения по охране труда,29,Как часто проводится плановая СОУТ?,Не реже одного раза в 5 лет.,ФЗ № 426-ФЗ ст. 8,https://www.consultant.ru/document/cons_doc_LAW_156555/,2025-10-17
I. Общие положения по охране труда,30,Когда проводится внеплановая СОУТ?,"При вводе новых рабочих мест, изменении технологии, НС, предписании ГИТ.",ФЗ № 426-ФЗ ст. 17,https://www.consultant.ru/document/cons_doc_LAW_156555/,2025-10-17
I. Общие положения по охране труда,31,Кто проводит СОУТ?,"Аккредитованная организация, включенная в реестр Минтруда.","ФЗ № 426-ФЗ ст. 19, 20",https://www.consultant.ru/document/cons_doc_LAW_156555/,2025-10-17
I. Общие положения по охране труда,32,Можно ли оспорить результаты СОУТ?,"Да, через государственную экспертизу условий труда или суд.",ФЗ № 426-ФЗ ст. 26; ТК РФ ст. 216.1,https://www.consultant.ru/document/cons_doc_LAW_156555/,2025-10-17
I. Общие положения по охране труда,33,Где публикуются результаты СОУТ?,На официальном сайте работодателя (при наличии) и на ФГИС СОУТ.,ФЗ № 426-ФЗ ст. 15,https://www.consultant.ru/document/cons_doc_LAW_156555/,2025-10-17
I. Общие положения по охране труда,34,Какие классы условий труда существуют?,"Оптимальные (1), допустимые (2), вредные (3.1-3.4), опасные (4).",ФЗ № 426-ФЗ ст. 14,https://www.consultant.ru/document/cons_doc_LAW_156555/,2025-10-17
I. Общие положения по охране труда,35,Нужно ли знакомить работников с результатами СОУТ?,"Да, под подпись в течение 30 дней со дня утверждения отчета.",ФЗ № 426-ФЗ ст. 15,https://www.consultant.ru/document/cons_doc_LAW_156555/,2025-10-17
I. Общие положения по охране труда,36,Что такое оценка профессиональных рисков?,Процесс выявления опасностей и оценки уровня рисков на рабочих местах.,ТК РФ ст. 218; Приказ № 776н,https://www.consultant.ru/document/cons_doc_LAW_34683/,2025-10-17
I. Общие положения по охране труда,37,Обязательна ли оценка профессиональных рисков?,"Да, работодатель обязан проводить систематическую оценку рисков.",ТК РФ ст. 214.2; Приказ № 796н,https://www.consultant.ru/document/cons_doc_LAW_34683/,2025-10-17
I. Общие положения по охране труда,38,Какие методы оценки рисков существуют?,"Матричный, контрольных листов, HAZOP, дерева отказов и др.",Приказ № 796н; ГОСТ Р 12.0.010-2009,,2025-10-17
I. Общие положения по охране труда,39,Кто проводит оценку профессиональных рисков?,Работодатель своими силами или с привлечением экспертных организаций.,Приказ № 796н,,2025-10-17
I. Общие положения по охране труда,40,Что такое микроповреждения (микротравмы)?,"Ссадины, кровоподтеки, ушибы, не повлекшие расстройства здоровья или утраты трудоспособности.",Приказ № 632н,,2025-10-17
I. Общие положения по охране труда,41,Обязателен ли учет микроповреждений?,"Да, работодатель обязан вести учет и рассмотрение обстоятельств.",Приказ № 632н,,2025-10-17
I. Общие положения по охране труда,42,Что такое производственный контроль?,Система мер по контролю за соблюдением санитарных норм и условий труда.,ФЗ № 52-ФЗ; СанПиН,https://www.consultant.ru/document/cons_doc_LAW_22481/,2025-10-17
I. Общие положения по охране труда,43,Нужна ли программа производственного контроля?,"Да, для всех организаций, осуществляющих деятельность с вредными факторами.",ФЗ № 52-ФЗ ст. 32,https://www.consultant.ru/document/cons_doc_LAW_22481/,2025-10-17
I. Общие положения по охране труда,44,Кто имеет право на досрочную пенсию по вредности?,"Работники, занятые на работах с вредными и тяжелыми условиями труда по спискам 1 и 2.","ФЗ № 400-ФЗ ст. 30, 31",https://www.consultant.ru/document/cons_doc_LAW_156525/,2025-10-17
I. Общие положения по охране труда,45,Что такое уполномоченный по охране труда?,"Представитель работников, избранный для содействия в работе по ОТ.",ТК РФ ст. 370,https://www.consultant.ru/document/cons_doc_LAW_34683/,2025-10-17
I. Общие положения по охране труда,46,Можно ли привлекать работников к сверхурочной работе на вредных условиях?,"Можно, но с ограничениями времени и только с письменного согласия работника.",ТК РФ ст. 99,https://www.consultant.ru/document/cons_doc_LAW_34683/,2025-10-17
I. Общие положения по охране труда,47,Кто не допускается к работам с вредными условиями труда?,"Беременные женщины, несовершеннолетние, лица по медпоказаниям.","ТК РФ ст. 253, 265, 266",https://www.consultant.ru/document/cons_doc_LAW_34683/,2025-10-17
I. Общие положения по охране труда,48,Что такое декларирование соответствия условий труда?,Заявление работодателя о соответствии условий труда нормативным требованиям при классе 1-2.,ФЗ № 426-ФЗ ст. 11,https://www.consultant.ru/document/cons_doc_LAW_156555/,2025-10-17
I. Общие положения по охране труда,49,Как финансируется охрана труда?,"За счет работодателя, запрещено возлагать на работников расходы по ОТ.",ТК РФ ст. 226,https://www.consultant.ru/document/cons_doc_LAW_34683/,2025-10-17
I. Общие положения по охране труда,50,Можно ли отстранить работника от работы за нарушение требований ОТ?,"Да, работодатель обязан отстранить работника до устранения причин.",ТК РФ ст. 76,https://www.consultant.ru/document/cons_doc_LAW_34683/,2025-10-17
II. Инструктажи и обучение,1,Какие виды инструктажей существуют?,"Вводный, первичный, повторный, внеплановый, целевой.",Постановление Минтруда № 1/29,,2025-10-17
II. Инструктажи и обучение,2,Кто проводит вводный инструктаж?,Специалист по ОТ или назначенное приказом лицо.,П. 2.1 Постановления № 1/29,,2025-10-17
II. Инструктажи и обучение,3,Как часто проводится повторный инструктаж?,Не реже одного раза в 6 месяцев.,П. 2.1.4 Постановления № 1/29,,2025-10-17
II. Инструктажи и обучение,4,Кто освобождается от повторного инструктажа?,"Работники, не связанные с эксплуатацией оборудования/производством.",П. 2.1.5 Постановления № 1/29,,2025-10-17
II. Инструктажи и обучение,5,Как фиксируются инструктажи?,В журнале с подписями инструктирующего и инструктируемого.,Прил. 3 к Постановлению № 1/29,,2025-10-17
II. Инструктажи и обучение,6,Кто должен проходить обучение по ОТ?,"Все работники, включая руководителей и ИП.",ТК РФ ст. 225,https://www.consultant.ru/document/cons_doc_LAW_34683/,2025-10-17
II. Инструктажи и обучение,7,Как часто проводится проверка знаний?,Обычно один раз в 3 года.,П. 2.3 Постановления № 1/29,,2025-10-17
II. Инструктажи и обучение,8,Можно ли проводить обучение дистанционно?,"Да, при идентификации личности и фиксации результатов.",Письмо Минтруда № 15-1/ООГ-902,,2025-10-17
II. Инструктажи и обучение,9,Нужно ли обучать совместителей?,"Да, наравне с основными работниками.",ТК РФ ст. 225,https://www.consultant.ru/document/cons_doc_LAW_34683/,2025-10-17
II. Инструктажи и обучение,10,Можно ли обучаться в аккредитованном центре?,"Да, при наличии аккредитации Минтруда.",Приказ Минтруда № 771н,https://www.consultant.ru/document/cons_doc_LAW_402380/,2025-10-17
II. Инструктажи и обучение,11,Нужна ли стажировка на рабочем месте?,"Да, для работников, занятых на работах с повышенной опасностью.",Постановление № 1/29; ЛНА работодателя,https://www.consultant.ru/document/cons_doc_LAW_40987/,2025-10-17
II. Инструктажи и обучение,12,Сколько человек должно быть в комиссии по проверке знаний?,"Не менее трёх, прошедших обучение по ОТ.",Постановление № 1/29,https://www.consultant.ru/document/cons_doc_LAW_40987/,2025-10-17
II. Инструктажи и обучение,13,Какие документы выдаются по итогам обучения?,Протокол комиссии и удостоверение (при необходимости).,Постановление № 1/29; Приказ № 771н,https://www.consultant.ru/document/cons_doc_LAW_40987/,2025-10-17
II. Инструктажи и обучение,14,Когда проводят внеочередную проверку знаний?,"При вводе новых НПА, оборудования, перерыве в работе и т.п.",Постановление № 1/29,https://www.consultant.ru/document/cons_doc_LAW_40987/,2025-10-17
II. Инструктажи и обучение,15,Как оформляется программа инструктажа?,В виде утверждённой программы с перечнем тем и опасностей.,Постановление № 1/29; Приказ № 776н,https://www.consultant.ru/document/cons_doc_LAW_40987/,2025-10-17
II. Инструктажи и обучение,16,Можно ли хранить журналы в электронном виде?,"Да, при обеспечении ЭП и неизменности записей.",63-ФЗ об электронной подписи,,2025-10-17
II. Инструктажи и обучение,17,Нужен ли вводный инструктаж для удалённых работников?,"Да, с фиксацией в журнале (в т.ч. электронном).",ТК РФ ст. 214; Постановление № 1/29,https://www.consultant.ru/document/cons_doc_LAW_34683/,2025-10-17
II. Инструктажи и обучение,18,Кто разрабатывает инструкции по ОТ?,"Работодатель с учётом НПА, СУОТ и оценки рисков.",ТК РФ ст. 212; Приказ № 776н,https://www.consultant.ru/document/cons_doc_LAW_34683/,2025-10-17
II. Инструктажи и обучение,19,Как часто пересматривать инструкции по ОТ?,Рекомендуется не реже 3 лет или при изменениях.,Методические рекомендации; ЛНА работодателя,,2025-10-17
II. Инструктажи и обучение,20,Нужен ли повторный инструктаж офисным работникам?,"Да, если установлено ЛНА; часто 1 раз в 12 мес.",Постановление № 1/29; ЛНА,https://www.consultant.ru/document/cons_doc_LAW_40987/,2025-10-17
II. Инструктажи и обучение,21,Как подтверждать личность при дистанционном обучении?,"Через ЭП, прокторинг или ИС с идентификацией.",63-ФЗ об ЭП; локальные регламенты,,2025-10-17
II. Инструктажи и обучение,22,Можно ли совмещать инструктаж и обучение?,"Да, но фиксировать необходимо раздельно.",Постановление № 1/29,https://www.consultant.ru/document/cons_doc_LAW_40987/,2025-10-17
II. Инструктажи и обучение,23,Кто обучает руководителя организации?,"Аккредитованный центр или комиссия, где он прошёл обучение.",Приказ № 771н,,2025-10-17
II. Инструктажи и обучение,24,Срок действия удостоверения по ОТ?,До следующей проверки знаний (обычно 3 года).,Постановление № 1/29,https://www.consultant.ru/document/cons_doc_LAW_40987/,2025-10-17
II. Инструктажи и обучение,25,Нужно ли обучать работников по смежным профессиям?,"Да, при допуске к работам повышенной опасности или новым задачам.",ТК РФ ст. 225; Постановление № 1/29,https://www.consultant.ru/document/cons_doc_LAW_34683/,2025-10-17
II. Инструктажи и обучение,26,Какой минимальный срок стажировки на рабочем месте?,"От 2 до 14 смен, в зависимости от опасности работ.",Постановление № 1/29,https://www.consultant.ru/document/cons_doc_LAW_40987/,2025-10-17
II. Инструктажи и обучение,27,Кто освобождается от первичного инструктажа на рабочем месте?,"Работники, не связанные с обслуживанием, испытанием, наладкой и ремонтом оборудования.",Постановление № 1/29,https://www.consultant.ru/document/cons_doc_LAW_40987/,2025-10-17
II. Инструктажи и обучение,28,Обязательно ли обучение по охране труда для руководителей?,"Да, руководители обучаются в первоочередном порядке.",ТК РФ ст. 225,https://www.consultant.ru/document/cons_doc_LAW_34683/,2025-10-17
II. Инструктажи и обучение,29,Можно ли провести обучение силами своей организации?,"Да, при создании комиссии из обученных специалистов (не менее 3 человек).",Постановление № 1/29,https://www.consultant.ru/document/cons_doc_LAW_40987/,2025-10-17
II. Инструктажи и обучение,30,Нужно ли обучение по оказанию первой помощи?,"Да, для работников, обязанных оказывать первую помощь пострадавшим.",ТК РФ ст. 225; Постановление № 2464,https://www.consultant.ru/document/cons_doc_LAW_34683/,2025-10-17
II. Инструктажи и обучение,31,Как часто обучаться оказанию первой помощи?,Не реже одного раза в 3 года.,Постановление № 2464,,2025-10-17
II. Инструктажи и обучение,32,Что такое целевой инструктаж?,"Инструктаж при выполнении разовых работ, ликвидации аварий, работах по наряду-допуску.",Постановление № 1/29,https://www.consultant.ru/document/cons_doc_LAW_40987/,2025-10-17
II. Инструктажи и обучение,33,Когда проводится внеплановый инструктаж?,"При изменении технологии, НС, нарушениях требований ОТ, перерыве в работе.",Постановление № 1/29,https://www.consultant.ru/document/cons_doc_LAW_40987/,2025-10-17
II. Инструктажи и обучение,34,Какой срок хранения протоколов проверки знаний?,Не менее 45 лет.,Приказ № 558н (Перечень типовых управленческих документов),,2025-10-17
II. Инструктажи и обучение,35,Можно ли не проводить инструктаж при приеме на работу?,"Нет, вводный инструктаж обязателен для всех принимаемых на работу.",Постановление № 1/29,https://www.consultant.ru/document/cons_doc_LAW_40987/,2025-10-17
II. Инструктажи и обучение,36,Нужен ли инструктаж для командированных работников?,"Да, вводный и первичный на месте командировки.",Постановление № 1/29,https://www.consultant.ru/document/cons_doc_LAW_40987/,2025-10-17
II. Инструктажи и обучение,37,Кто проводит первичный инструктаж?,"Непосредственный руководитель работ, прошедший обучение и проверку знаний.",Постановление № 1/29,https://www.consultant.ru/document/cons_doc_LAW_40987/,2025-10-17
II. Инструктажи и обучение,38,Обязательна ли стажировка для офисных работников?,"Нет, если они не связаны с эксплуатацией оборудования.",Постановление № 1/29,https://www.consultant.ru/document/cons_doc_LAW_40987/,2025-10-17
II. Инструктажи и обучение,39,Что такое программы обучения по охране труда?,"Утвержденные работодателем документы, определяющие содержание и продолжительность обучения.",Постановление № 2464,,2025-10-17
II. Инструктажи и обучение,40,Минимальная продолжительность обучения по охране труда?,Не менее 16 часов.,Постановление № 2464,,2025-10-17
II. Инструктажи и обучение,41,Можно ли обучать работников на рабочем месте?,"Да, при наличии утвержденных программ и назначенных ответственных.",Постановление № 2464,,2025-10-17
II. Инструктажи и обучение,42,Что такое наряд-допуск на выполнение работ?,Задание на производство работ повышенной опасности с указанием мер безопасности.,ГОСТ 12.0.004-2015; ЛНА работодателя,,2025-10-17
II. Инструктажи и обучение,43,Обязателен ли инструктаж при переводе на другую работу?,"Да, первичный инструктаж на новом рабочем месте.",Постановление № 1/29,https://www.consultant.ru/document/cons_doc_LAW_40987/,2025-10-17
II. Инструктажи и обучение,44,Какой перерыв в работе требует повторного обучения?,"Более 1 года - для работ с повышенной опасностью, более 60 дней - для прочих.",Постановление № 1/29,https://www.consultant.ru/document/cons_doc_LAW_40987/,2025-10-17
II. Инструктажи и обучение,45,Нужно ли обучение по использованию СИЗ?,"Да, для СИЗ 2 класса (средства защиты от падения с высоты, СИЗОД).",Постановление № 2464,,2025-10-17
II. Инструктажи и обучение,46,Кто утверждает программы инструктажей?,Работодатель с учетом специфики деятельности организации.,Постановление № 1/29,https://www.consultant.ru/document/cons_doc_LAW_40987/,2025-10-17
II. Инструктажи и обучение,47,Можно ли совмещать разные виды обучения по ОТ?,"Да, при соблюдении минимальной продолжительности каждой программы.",Постановление № 2464,,2025-10-17
II. Инструктажи и обучение,48,"Что делать, если работник не прошел проверку знаний?",Отстранить от работы и направить на повторное обучение в течение 30 дней.,Постановление № 1/29; ТК РФ ст. 76,https://www.consultant.ru/document/cons_doc_LAW_34683/,2025-10-17
II. Инструктажи и обучение,49,Нужен ли вводный инструктаж для практикантов?,"Да, для всех лиц, допущенных на территорию организации.",Постановление № 1/29,https://www.consultant.ru/document/cons_doc_LAW_40987/,2025-10-17
II. Инструктажи и обучение,50,Можно ли проводить проверку знаний досрочно?,"Да, по решению работодателя или по инициативе работника.",Постановление № 1/29,https://www.consultant.ru/document/cons_doc_LAW_40987/,2025-10-17
III. Средства индивидуальной защиты (СИЗ),1,Кто обеспечивает работников СИЗ?,"Работодатель, за свой счёт.",ТК РФ ст. 221,https://www.consultant.ru/document/cons_doc_LAW_34683/,2025-10-17
III. Средства индивидуальной защиты (СИЗ),2,Как определяется перечень СИЗ?,По типовым нормам Минтруда и результатам СОУТ/оценки рисков.,Приказ Минтруда № 997н,https://www.consultant.ru/document/cons_doc_LAW_175841/,2025-10-17
III. Средства индивидуальной защиты (СИЗ),3,Можно ли заменить один СИЗ другим?,"Да, при равной или лучшей защитной эффективности.",Приказ № 997н п. 13,,2025-10-17
III. Средства индивидуальной защиты (СИЗ),4,Как оформляется выдача СИЗ?,Через личную карточку учета СИЗ.,Форма МБ-6 (или электронный аналог),,2025-10-17
III. Средства индивидуальной защиты (СИЗ),5,Кто отвечает за хранение и уход за СИЗ?,Работодатель обязан организовать хранение и обслуживание.,ТК РФ ст. 221,https://www.consultant.ru/document/cons_doc_LAW_34683/,2025-10-17
III. Средства индивидуальной защиты (СИЗ),6,Можно ли выдавать бывшие в употреблении СИЗ?,"Да, после очистки/дезинфекции и проверки пригодности.",Приказ № 997н,,2025-10-17
III. Средства индивидуальной защиты (СИЗ),7,Кто контролирует наличие СИЗ на рабочих местах?,Специалист по ОТ и комиссия по ОТ.,ТК РФ ст. 218,https://www.consultant.ru/document/cons_doc_LAW_34683/,2025-10-17
III. Средства индивидуальной защиты (СИЗ),8,Можно ли компенсировать СИЗ деньгами?,"Как правило, нет; исключения — по согласованию и при эквивалентности.",Приказ № 997н,,2025-10-17
III. Средства индивидуальной защиты (СИЗ),9,"Что делать, если работник потерял СИЗ?",При вине работника — возмещение ущерба; при износе — замена.,ТК РФ ст. 238,https://www.consultant.ru/document/cons_doc_LAW_34683/,2025-10-17
III. Средства индивидуальной защиты (СИЗ),10,Кто утверждает нормы бесплатной выдачи СИЗ?,Минтруд России.,Приказ № 997н,,2025-10-17
III. Средства индивидуальной защиты (СИЗ),11,Нужна ли сертификация СИЗ?,"Да, СИЗ должны соответствовать ТР ТС/ЕАЭС и иметь документы о соответствии.",Технические регламенты ЕАЭС; 184-ФЗ,,2025-10-17
III. Средства индивидуальной защиты (СИЗ),12,Как устанавливать сроки носки СИЗ?,Согласно типовым нормам и эксплуатационной документации.,Приказ № 997н,,2025-10-17
III. Средства индивидуальной защиты (СИЗ),13,Можно ли использовать дежурные СИЗ?,"Да, при невозможности персональной выдачи и учёте факта использования.",Приказ № 997н,,2025-10-17
III. Средства индивидуальной защиты (СИЗ),14,Как учитывать СИЗ в электронном виде?,Через ИС с идентификацией работника и неизменностью записей.,63-ФЗ об ЭП; ЛНА,,2025-10-17
III. Средства индивидуальной защиты (СИЗ),15,Кто проводит обучение по применению СИЗ?,Работодатель в рамках инструктажей и целевого обучения.,ТК РФ ст. 212; Постановление № 1/29,https://www.consultant.ru/document/cons_doc_LAW_34683/,2025-10-17
III. Средства индивидуальной защиты (СИЗ),16,Как выбирать СИЗОД (респираторы/фильтры)?,По результатам оценки рисков/СОУТ и концентраций вредных веществ.,ФЗ № 426-ФЗ (СОУТ); НД по СИЗОД,https://www.consultant.ru/document/cons_doc_LAW_156555/,2025-10-17
III. Средства индивидуальной защиты (СИЗ),17,Нужен ли учет смывающих и обезвреживающих средств?,"Да, выдача фиксируется по нормам и ведомостям.",Приказ Минтруда № 1122н,,2025-10-17
III. Средства индивидуальной защиты (СИЗ),18,Как утилизировать СИЗ после использования?,По правилам обращения с отходами; опасные СИЗ — как опасные отходы.,ФЗ № 89-ФЗ об отходах,https://www.consultant.ru/document/cons_doc_LAW_19109/,2025-10-17
III. Средства индивидуальной защиты (СИЗ),19,Можно ли выдавать СИЗ при командировке?,"Да, с учётом условий труда на месте командировки.",ТК РФ ст. 221; ЛНА,https://www.consultant.ru/document/cons_doc_LAW_34683/,2025-10-17
III. Средства индивидуальной защиты (СИЗ),20,Нужна ли персонализация СИЗ?,"Да, для правильной посадки и эффективности защиты.",Приказ № 997н,,2025-10-17
III. Средства индивидуальной защиты (СИЗ),21,Как контролировать сроки годности СИЗ?,Через реестр с датами выдачи и регламентом замены.,Приказ № 997н; ЛНА,,2025-10-17
III. Средства индивидуальной защиты (СИЗ),22,Кто отвечает за стирку и ремонт спецодежды?,Работодатель организует стирку/сушку/ремонт за свой счёт.,ТК РФ ст. 221,https://www.consultant.ru/document/cons_doc_LAW_34683/,2025-10-17
III. Средства индивидуальной защиты (СИЗ),23,Можно ли работнику купить СИЗ самостоятельно?,Возможно по согласованию с компенсацией при подтверждённых характеристиках.,Приказ № 997н,,2025-10-17
III. Средства индивидуальной защиты (СИЗ),24,Нужны ли зимние СИЗ при кратковременных работах на улице?,"Да, исходя из фактических условий и рисков.",Приказ № 997н; Оценка рисков,,2025-10-17
III. Средства индивидуальной защиты (СИЗ),25,Как учитывать выдачу СИЗ совместителям?,Отдельно по каждому месту работы с учётом норм.,ТК РФ ст. 60.1; Приказ № 997н,https://www.consultant.ru/document/cons_doc_LAW_34683/,2025-10-17
III. Средства индивидуальной защиты (СИЗ),26,Какие типы СИЗ существуют?,"Спецодежда, спецобувь, средства защиты рук, головы, органов дыхания, слуха, зрения, падения с высоты.",ТР ТС 019/2011,,2025-10-17
III. Средства индивидуальной защиты (СИЗ),27,Можно ли выдавать СИЗ более низкого класса защиты?,"Нет, только аналогичные или с более высокими защитными свойствами.",Приказ № 997н,,2025-10-17
III. Средства индивидуальной защиты (СИЗ),28,Кто определяет нормы выдачи СИЗ?,Работодатель на основе типовых норм и результатов СОУТ.,Приказ № 997н,,2025-10-17
III. Средства индивидуальной защиты (СИЗ),29,Нужно ли обучение по применению СИЗ?,"Да, особенно для СИЗ от падения с высоты и изолирующих СИЗОД.",Постановление № 2464; Приказ № 997н,,2025-10-17
III. Средства индивидуальной защиты (СИЗ),30,Можно ли забирать СИЗ домой?,"Можно, если это предусмотрено локальным актом работодателя.",Приказ № 997н,,2025-10-17
III. Средства индивидуальной защиты (СИЗ),31,Что делать с СИЗ при увольнении работника?,"Работник возвращает СИЗ работодателю, о чем делается отметка в карточке.",Приказ № 997н,,2025-10-17
III. Средства индивидуальной защиты (СИЗ),32,Можно ли выдавать СИЗ без сертификата?,"Нет, СИЗ должны иметь декларацию или сертификат соответствия ТР ТС.",ТР ТС 019/2011,,2025-10-17
III. Средства индивидуальной защиты (СИЗ),33,Как часто менять спецодежду?,По установленным нормам или при потере защитных свойств досрочно.,Приказ № 997н,,2025-10-17
III. Средства индивидуальной защиты (СИЗ),34,Нужны ли СИЗ для офисных работников?,"Только если это требуется по результатам оценки рисков (например, очки при работе с ПК).",Приказ № 997н,,2025-10-17
III. Средства индивидуальной защиты (СИЗ),35,Что такое система ухода за СИЗ?,"Комплекс мер по стирке, чистке, ремонту, дегазации, дезинфекции СИЗ.",Приказ № 997н,,2025-10-17
III. Средства индивидуальной защиты (СИЗ),36,Обязан ли работник использовать выданные СИЗ?,"Да, это прямая обязанность работника по ТК РФ.",ТК РФ ст. 214,https://www.consultant.ru/document/cons_doc_LAW_34683/,2025-10-17
III. Средства индивидуальной защиты (СИЗ),37,Можно ли выдавать одно СИЗ на несколько человек?,"Да, дежурные СИЗ при кратковременных работах с учетом в журнале.",Приказ № 997н,,2025-10-17
III. Средства индивидуальной защиты (СИЗ),38,Кто проверяет исправность СИЗ?,"Работник перед каждым применением, работодатель - периодически.",ТК РФ ст. 214; Приказ № 997н,https://www.consultant.ru/document/cons_doc_LAW_34683/,2025-10-17
III. Средства индивидуальной защиты (СИЗ),39,Что такое СИЗ 1 и 2 класса?,"1 класс - простые СИЗ, 2 класс - сложные (от падения, изолирующие СИЗОД).",ТР ТС 019/2011,,2025-10-17
III. Средства индивидуальной защиты (СИЗ),40,Обязательна ли маркировка СИЗ?,"Да, на СИЗ должна быть маркировка с указанием класса защиты, срока годности.",ТР ТС 019/2011,,2025-10-17
III. Средства индивидуальной защиты (СИЗ),41,Можно ли не выдавать СИЗ при улучшении условий труда?,"Да, если по результатам СОУТ установлены допустимые условия труда (класс 1-2).",Приказ № 997н; ФЗ № 426-ФЗ,,2025-10-17
III. Средства индивидуальной защиты (СИЗ),42,Что делать с просроченными СИЗ?,"Утилизировать или списать, использовать запрещено.",Приказ № 997н,,2025-10-17
III. Средства индивидуальной защиты (СИЗ),43,Нужны ли СИЗ для работы на высоте?,"Да, обязательны системы безопасности от падения с высоты.",Приказ № 782н; Приказ № 997н,,2025-10-17
III. Средства индивидуальной защиты (СИЗ),44,Можно ли использовать свои СИЗ вместо выданных?,Только при согласовании с работодателем и соответствии требованиям.,Приказ № 997н,,2025-10-17
III. Средства индивидуальной защиты (СИЗ),45,Как выдавать СИЗ при вахтовом методе работы?,С учетом климатических условий места выполнения работ и увеличенного износа.,Приказ № 997н,,2025-10-17
III. Средства индивидуальной защиты (СИЗ),46,Что такое сигнальная спецодежда?,Одежда повышенной видимости со светоотражающими элементами.,ГОСТ Р 12.4.219-99; Приказ № 997н,,2025-10-17
III. Средства индивидуальной защиты (СИЗ),47,Обязательно ли испытание СИЗ от падения?,"Да, статические и динамические испытания перед первым применением и периодически.",Приказ № 782н,,2025-10-17
III. Средства индивидуальной защиты (СИЗ),48,Можно ли ремонтировать СИЗ?,"Да, если ремонт не влияет на защитные свойства.",Приказ № 997н,,2025-10-17
III. Средства индивидуальной защиты (СИЗ),49,Кто оплачивает дерматологические средства?,Работодатель выдает смывающие и обезвреживающие средства бесплатно.,Приказ № 1122н,,2025-10-17
III. Средства индивидуальной защиты (СИЗ),50,Как хранить СИЗ?,"В специально оборудованных помещениях, обеспечивающих сохранность и защитные свойства.",Приказ № 997н,,2025-10-17
IV. Медосмотры,1,Какие бывают виды медосмотров?,"Предварительные, периодические и внеочередные.",ТК РФ ст. 213,https://www.consultant.ru/document/cons_doc_LAW_34683/,2025-10-17
IV. Медосмотры,2,Кто оплачивает медосмотр?,Работодатель.,ТК РФ ст. 213,https://www.consultant.ru/document/cons_doc_LAW_34683/,2025-10-17
IV. Медосмотры,3,Можно ли допустить к работе без медосмотра?,"Нет, это нарушение с ответственностью.",КоАП РФ ст. 5.27.1; ТК РФ ст. 213,https://www.consultant.ru/document/cons_doc_LAW_34661/88755cc3b9fd053aebba33b58078eb459aa5a1d8/,2025-10-17
IV. Медосмотры,4,Как часто проводить периодические медосмотры?,По перечням вредных факторов и работ (обычно раз в 1–2 года).,Приказ Минздрава № 29н,https://www.consultant.ru/document/cons_doc_LAW_375353/,2025-10-17
IV. Медосмотры,5,Кто определяет необходимость внеочередного медосмотра?,Работодатель или врач при показаниях.,Приказ № 29н,,2025-10-17
IV. Медосмотры,6,Можно ли совмещать медосмотр с иными обследованиями?,"Да, при включении в программу.",ТК РФ ст. 213,https://www.consultant.ru/document/cons_doc_LAW_34683/,2025-10-17
IV. Медосмотры,7,Нужно ли проходить медосмотр ИП без работников?,Только при наличии вредных факторов/работ.,ТК РФ ст. 213,https://www.consultant.ru/document/cons_doc_LAW_34683/,2025-10-17
IV. Медосмотры,8,"Что делать, если работник не прошёл медосмотр?",Отстранение от работы без сохранения зарплаты.,ТК РФ ст. 76,https://www.consultant.ru/document/cons_doc_LAW_34683/,2025-10-17
IV. Медосмотры,9,Кто хранит результаты медосмотров?,Работодатель и медорганизация по правилам меддокументации.,Приказ № 29н,,2025-10-17
IV. Медосмотры,10,Можно ли проводить медосмотры дистанционно?,"Нет, требуется личное обследование.",Приказ № 29н,,2025-10-17
IV. Медосмотры,11,Как определить перечень контингентов на медосмотры?,На основе СОУТ/оценки рисков и Перечней к Приказу.,ФЗ № 426-ФЗ; Приказ № 29н,https://www.consultant.ru/document/cons_doc_LAW_156555/,2025-10-17
IV. Медосмотры,12,Кто формирует список работников на медосмотры?,Работодатель совместно с медорганизацией.,Приказ № 29н,,2025-10-17
IV. Медосмотры,13,Как уведомлять работников о медосмотре?,Письменно/электронно с указанием даты и места.,Приказ № 29н; ЛНА,,2025-10-17
IV. Медосмотры,14,Нужны ли личные медицинские книжки?,"Да, для отдельных видов деятельности (пищеблок, образование и др.).",СанПиН/НПА Роспотребнадзора (актуальные),,2025-10-17
IV. Медосмотры,15,Кто определяет противопоказания к работе?,Врач по итогам обследования и профконсультации.,Приказ № 29н,,2025-10-17
IV. Медосмотры,16,Как действовать при выявлении профрисков по здоровью?,Направить на внеочередной осмотр и скорректировать условия труда.,"ТК РФ ст. 212, 213",https://www.consultant.ru/document/cons_doc_LAW_34683/,2025-10-17
IV. Медосмотры,17,Как учитывать неявку работника на медосмотр?,Актировать и отстранять до прохождения.,ТК РФ ст. 76; Приказ № 29н,https://www.consultant.ru/document/cons_doc_LAW_34683/,2025-10-17
IV. Медосмотры,18,Можно ли объединять медосмотр с вакцинацией?,"Да, по показаниям и с согласием работника.",ФЗ № 157-ФЗ; Приказ № 29н,https://www.consultant.ru/document/cons_doc_LAW_20315/,2025-10-17
IV. Медосмотры,19,Кто выбирает медорганизацию?,Работодатель заключает договор с лицензированной медорганизацией.,ТК РФ ст. 213,https://www.consultant.ru/document/cons_doc_LAW_34683/,2025-10-17
IV. Медосмотры,20,Как хранить медзаключения в ИС?,С соблюдением медтайны и защиты ПДн.,ФЗ № 152-ФЗ; ФЗ № 323-ФЗ,https://www.consultant.ru/document/cons_doc_LAW_61801/,2025-10-17
IV. Медосмотры,21,Нужен ли предварительный осмотр при переводе на другую работу?,"Да, если меняются условия труда/факторы.","ТК РФ ст. 73, 213; Приказ № 29н",https://www.consultant.ru/document/cons_doc_LAW_34683/,2025-10-17
IV. Медосмотры,22,Как учитывать беременных и несовершеннолетних?,Особые ограничения и переводы на лёгкий труд.,"ТК РФ ст. 254, 265 и др.",https://www.consultant.ru/document/cons_doc_LAW_34683/,2025-10-17
IV. Медосмотры,23,Можно ли учитывать результаты медосмотра из другой организации?,"Нет, требуется обследование по договору с работодателем.",Приказ № 29н,,2025-10-17
IV. Медосмотры,24,Кто оплачивает дорогу до медосмотра?,Работодатель по локальному порядку/договору.,ТК РФ ст. 164; ЛНА,https://www.consultant.ru/document/cons_doc_LAW_34683/,2025-10-17
IV. Медосмотры,25,Как оспорить заключение медкомиссии?,Через повторное обследование или в судебном порядке.,ФЗ № 323-ФЗ; ГПК РФ,https://www.consultant.ru/document/cons_doc_LAW_121895/,2025-10-17
IV. Медосмотры,26,Кто проходит психиатрическое освидетельствование?,"Работники, занятые на работах с источниками повышенной опасности по Перечню.",Постановление Правительства № 377,,2025-10-17
IV. Медосмотры,27,Как часто проходить психиатрическое освидетельствование?,Не реже одного раза в 5 лет.,Постановление Правительства № 377,,2025-10-17
IV. Медосмотры,28,Нужен ли медосмотр при работе с компьютером?,"Да, если время работы более 50% рабочего времени.",Приказ № 29н; СанПиН 1.2.3685-21,https://www.consultant.ru/document/cons_doc_LAW_375353/,2025-10-17
IV. Медосмотры,29,Можно ли не проходить медосмотр по религиозным убеждениям?,"Нет, медосмотр обязателен, отказ - основание для отстранения от работы.","ТК РФ ст. 76, 213",https://www.consultant.ru/document/cons_doc_LAW_34683/,2025-10-17
IV. Медосмотры,30,Какие документы нужны для прохождения медосмотра?,"Паспорт, направление от работодателя, СНИЛС, результаты предыдущих медосмотров.",Приказ № 29н,,2025-10-17
IV. Медосмотры,31,Кто формирует поименный список на медосмотр?,Работодатель на основании контингентов и согласования с медорганизацией.,Приказ № 29н,,2025-10-17
IV. Медосмотры,32,Сохраняется ли зарплата на время медосмотра?,"Да, за работником сохраняется средний заработок.",ТК РФ ст. 185,https://www.consultant.ru/document/cons_doc_LAW_34683/,2025-10-17
IV. Медосмотры,33,Можно ли проходить медосмотр в другом городе?,"Да, в любой лицензированной медорганизации по договору с работодателем.",Приказ № 29н,,2025-10-17
IV. Медосмотры,34,Что такое предсменные медосмотры?,"Осмотры перед каждой сменой для отдельных категорий работников (водители, машинисты).",Приказ № 835н,,2025-10-17
IV. Медосмотры,35,Кто оплачивает медосмотр при трудоустройстве?,"Работодатель, расходы не могут быть возложены на работника.",ТК РФ ст. 213,https://www.consultant.ru/document/cons_doc_LAW_34683/,2025-10-17
IV. Медосмотры,36,Обязательны ли медосмотры для беременных?,"Да, при работе с вредными факторами и для перевода на легкий труд.",ТК РФ ст. 254,https://www.consultant.ru/document/cons_doc_LAW_34683/,2025-10-17
IV. Медосмотры,37,Что делать если выявлено профзаболевание?,"Провести расследование, перевести на другую работу, направить на МСЭ.",Постановление Правительства № 967,,2025-10-17
IV. Медосмотры,38,Можно ли пройти медосмотр за свой счет?,"Нет, обязательные медосмотры оплачивает только работодатель.",ТК РФ ст. 213,https://www.consultant.ru/document/cons_doc_LAW_34683/,2025-10-17
IV. Медосмотры,39,Какие врачи проводят предварительные медосмотры?,"Терапевт, невролог, офтальмолог, оториноларинголог и др. по Перечню вредных факторов.",Приказ № 29н (Приложение),https://www.consultant.ru/document/cons_doc_LAW_375353/,2025-10-17
IV. Медосмотры,40,Можно ли работать с просроченной медкнижкой?,"Нет, работник должен быть отстранен от работы до прохождения медосмотра.",ТК РФ ст. 76,https://www.consultant.ru/document/cons_doc_LAW_34683/,2025-10-17
IV. Медосмотры,41,Что такое паспорт здоровья работника?,Документ с результатами всех медосмотров за весь период работы.,Приказ № 29н,,2025-10-17
IV. Медосмотры,42,Нужен ли медосмотр для надомных работников?,Только если работа связана с вредными факторами или требует медкнижки.,ТК РФ ст. 213; Приказ № 29н,https://www.consultant.ru/document/cons_doc_LAW_34683/,2025-10-17
IV. Медосмотры,43,Как часто флюорография при медосмотре?,Не реже 1 раза в год для работников определенных профессий.,СанПиН по профилактике туберкулеза,,2025-10-17
IV. Медосмотры,44,Можно ли отказаться от вакцинации при медосмотре?,"Да, но для отдельных профессий это основание для отстранения от работы.",ФЗ № 157-ФЗ; ТК РФ ст. 76,https://www.consultant.ru/document/cons_doc_LAW_20315/,2025-10-17
IV. Медосмотры,45,Сколько хранятся результаты медосмотров?,"Не менее 50 лет в медорганизации, в архиве работодателя - по общим правилам.",Приказ № 29н,,2025-10-17
IV. Медосмотры,46,Что такое центр профпатологии?,Специализированное медучреждение для диагностики и лечения профзаболеваний.,Приказ № 29н,,2025-10-17
IV. Медосмотры,47,Обязателен ли нарколог и психиатр при медосмотре?,"Да, для работников транспорта, высоты, источников повышенной опасности.",Приказ № 29н (Приложение),https://www.consultant.ru/document/cons_doc_LAW_375353/,2025-10-17
IV. Медосмотры,48,Можно ли пройти медосмотр заранее?,"Да, но не ранее чем за 2 месяца до установленного срока.",Приказ № 29н,,2025-10-17
IV. Медосмотры,49,Что делать при выявлении противопоказаний к работе?,Перевести работника на другую работу или расторгнуть трудовой договор.,"ТК РФ ст. 73, 77",https://www.consultant.ru/document/cons_doc_LAW_34683/,2025-10-17
IV. Медосмотры,50,Нужен ли медосмотр при переводе на другую должность?,"Да, если изменяются вредные факторы или добавляются новые работы.","ТК РФ ст. 73, 213; Приказ № 29н",https://www.consultant.ru/document/cons_doc_LAW_34683/,2025-10-17
V. Несчастные случаи и расследование,1,Что считается несчастным случаем на производстве?,Травма при исполнении трудовых обязанностей либо в связи с ними.,ТК РФ ст. 227,https://www.consultant.ru/document/cons_doc_LAW_34683/,2025-10-17
V. Несчастные случаи и расследование,2,Кто проводит расследование?,Комиссия работодателя с участием специалиста по ОТ.,ТК РФ ст. 229,https://www.consultant.ru/document/cons_doc_LAW_34683/,2025-10-17
V. Несчастные случаи и расследование,3,В какой срок проводится расследование?,"Обычно 3 дня, при тяжёлых/смертельных — до 15.",ТК РФ ст. 229.1,https://www.consultant.ru/document/cons_doc_LAW_34683/,2025-10-17
V. Несчастные случаи и расследование,4,Что оформляется по итогам расследования?,Акт по форме Н-1.,"Постановление Минтруда № 73 (утратило силу; см. Приказ Минтруда РФ № 223н, действующая форма Н‑1)",,2025-10-17
V. Несчастные случаи и расследование,5,Куда сообщать о несчастном случае?,"В ГИТ, ФСС, при тяжёлых — в прокуратуру.",ТК РФ ст. 228.1,https://www.consultant.ru/document/cons_doc_LAW_34683/,2025-10-17
V. Несчастные случаи и расследование,6,Что считается микротравмой?,"Лёгкое повреждение без потери трудоспособности, подлежит учёту.",Письмо Минтруда № 15-1/ООГ-2489,,2025-10-17
V. Несчастные случаи и расследование,7,Можно ли проводить расследование удалённо?,"Да, при оформлении электронных документов надлежащим образом.",Приказ Минтруда № 544н,,2025-10-17
V. Несчастные случаи и расследование,8,Что делать при несогласии с актом Н-1?,Обращаться в ГИТ или суд.,ТК РФ ст. 231,https://www.consultant.ru/document/cons_doc_LAW_34683/,2025-10-17
V. Несчастные случаи и расследование,9,Кто оплачивает больничный после НС?,Социальное страхование — 100% среднего заработка.,ФЗ № 125-ФЗ ст. 9,https://www.consultant.ru/document/cons_doc_LAW_19559/,2025-10-17
V. Несчастные случаи и расследование,10,Как хранить акты Н-1 и материалы расследования?,Не менее 45 лет.,"Постановление № 73 (утратило силу; см. Приказ Минтруда РФ № 223н, действующая форма Н‑1)",https://www.consultant.ru/document/cons_doc_LAW_418190/,2025-10-17
V. Несчастные случаи и расследование,11,Что такое опасное событие/инцидент без последствий?,"Событие без травм, но с потенциалом тяжёлых последствий (near miss).",Приказ № 776н (риск-ориентированный подход),,2025-10-17
V. Несчастные случаи и расследование,12,Как учитывать микротравмы?,В журнале микроповреждений с анализом причин и мерами.,Письмо Минтруда № 15-1/ООГ-2489,,2025-10-17
V. Несчастные случаи и расследование,13,Когда проводится спецрасследование?,"При групповых, тяжёлых и смертельных случаях.",ТК РФ ст. 229.2,https://www.consultant.ru/document/cons_doc_LAW_34683/,2025-10-17
V. Несчастные случаи и расследование,14,Учитывается ли НС по пути на работу?,"Как правило, не производственный (за исключениями).",ТК РФ ст. 227; судебная практика,https://www.consultant.ru/document/cons_doc_LAW_34683/,2025-10-17
V. Несчастные случаи и расследование,15,Как фиксировать свидетельские показания?,"Письменно с подписями, с приложением схем/фото/видео.","Постановление № 73 (утратило силу; см. Приказ Минтруда РФ № 223н, действующая форма Н‑1)",https://www.consultant.ru/document/cons_doc_LAW_418190/,2025-10-17
V. Несчастные случаи и расследование,16,Нужно ли сообщать родственникам пострадавшего?,"Да, при тяжёлых/смертельных случаях — незамедлительно.",ТК РФ ст. 228.1,https://www.consultant.ru/document/cons_doc_LAW_34683/,2025-10-17
V. Несчастные случаи и расследование,17,Как проводить анализ причин?,"Использовать методы «5 почему», дерево причин, анализ рисков.",Приказ № 776н,,2025-10-17
V. Несчастные случаи и расследование,18,Нужны ли корректирующие меры после НС?,Обязательно разработать и проконтролировать исполнение.,ТК РФ ст. 212; Приказ № 776н,https://www.consultant.ru/document/cons_doc_LAW_34683/,2025-10-17
V. Несчастные случаи и расследование,19,Как учитывать НС у дистанционных работников?,По общим правилам с фиксацией связи с трудовыми обязанностями.,ТК РФ ст. 312.1; ст. 227–231,https://www.consultant.ru/document/cons_doc_LAW_34683/,2025-10-17
V. Несчастные случаи и расследование,20,Кто выдает направление на МСЭ при утрате трудоспособности?,Медорганизация; оформляются страховые выплаты.,ФЗ № 125-ФЗ; ФЗ № 323-ФЗ,https://www.consultant.ru/document/cons_doc_LAW_19559/,2025-10-17
V. Несчастные случаи и расследование,21,Можно ли применять фото/видео как доказательства?,"Да, как приложения к материалам расследования.","Постановление № 73; ГПК/АПК РФ (утратило силу; см. Приказ Минтруда РФ № 223н, действующая форма Н‑1)",https://www.consultant.ru/document/cons_doc_LAW_418190/,2025-10-17
V. Несчастные случаи и расследование,22,Как вести реестр травматизма?,"Вести журнал/ИС с данными о НС, микротравмах, мерах.",Приказ № 776н,,2025-10-17
V. Несчастные случаи и расследование,23,Обязателен ли вводный инструктаж пострадавшему после восстановления?,Назначать внеплановый/повторный перед допуском к работе.,Постановление № 1/29,https://www.consultant.ru/document/cons_doc_LAW_40987/,2025-10-17
V. Несчастные случаи и расследование,24,Влияет ли СОУТ на квалификацию НС?,"СОУТ помогает установить причины и факторы, но квалификация — по ТК РФ.",ФЗ № 426-ФЗ; ТК РФ ст. 227–231,https://www.consultant.ru/document/cons_doc_LAW_34683/,2025-10-17
V. Несчастные случаи и расследование,25,Кто подписывает акт Н-1?,Члены комиссии и работодатель; вручается пострадавшему.,"Постановление № 73 (утратило силу; см. Приказ Минтруда РФ № 223н, действующая форма Н‑1)",https://www.consultant.ru/document/cons_doc_LAW_418190/,2025-10-17
V. Несчастные случаи и расследование,26,В какой срок сообщать о групповом НС?,"Немедленно в ГИТ, ФСС, прокуратуру, местную администрацию.",ТК РФ ст. 228.1,https://www.consultant.ru/document/cons_doc_LAW_34683/,2025-10-17
V. Несчастные случаи и расследование,27,Что такое тяжелый несчастный случай?,"Травма с тяжелыми последствиями: переломы крупных костей, потеря органов, коматозное состояние.",Приказ Минздравсоцразвития № 160н,,2025-10-17
V. Несчастные случаи и расследование,28,Кто входит в комиссию по расследованию НС?,"Специалист по ОТ, представитель работодателя, представитель профсоюза.",ТК РФ ст. 229,https://www.consultant.ru/document/cons_doc_LAW_34683/,2025-10-17
V. Несчастные случаи и расследование,29,Можно ли не расследовать НС если пострадавший не обратился?,"Нет, работодатель обязан расследовать любой известный ему НС.","ТК РФ ст. 228, 229",https://www.consultant.ru/document/cons_doc_LAW_34683/,2025-10-17
V. Несчастные случаи и расследование,30,Что делать если НС произошел у подрядчика на территории заказчика?,"Расследует работодатель пострадавшего, заказчик обязан содействовать.",ТК РФ ст. 229.2,https://www.consultant.ru/document/cons_doc_LAW_34683/,2025-10-17
V. Несчастные случаи и расследование,31,Сколько экземпляров акта Н-1 составляется?,"Не менее 3: пострадавшему, работодателю, в ФСС.",Приказ Минтруда № 223н,https://www.consultant.ru/document/cons_doc_LAW_418190/,2025-10-17
V. Несчастные случаи и расследование,32,Что такое смертельный несчастный случай?,"Случай, повлекший смерть работника на месте или позднее от полученных травм.",ТК РФ ст. 227,https://www.consultant.ru/document/cons_doc_LAW_34683/,2025-10-17
V. Несчастные случаи и расследование,33,Можно ли изменять обстановку места НС?,"Нельзя, кроме случаев угрозы жизни людей или развития аварии.",ТК РФ ст. 229,https://www.consultant.ru/document/cons_doc_LAW_34683/,2025-10-17
V. Несчастные случаи и расследование,34,Кто расследует НС со смертельным исходом?,"Государственная инспекция труда совместно с представителями работодателя, профсоюза.",ТК РФ ст. 229.2,https://www.consultant.ru/document/cons_doc_LAW_34683/,2025-10-17
V. Несчастные случаи и расследование,35,Что такое легкий несчастный случай?,Временное нарушение здоровья продолжительностью не более 15 дней.,Приказ № 160н,,2025-10-17
V. Несчастные случаи и расследование,36,Нужно ли расследовать НС если работник скрыл травму?,"Да, при поступлении информации о травме работодатель обязан расследовать.",ТК РФ ст. 229.1,https://www.consultant.ru/document/cons_doc_LAW_34683/,2025-10-17
V. Несчастные случаи и расследование,37,Можно ли продлить срок расследования НС?,"Да, по решению председателя комиссии, но не более чем на 15 дней.",ТК РФ ст. 229.1,https://www.consultant.ru/document/cons_doc_LAW_34683/,2025-10-17
V. Несчастные случаи и расследование,38,Что делать если пострадавший в коме?,"Расследовать как тяжелый НС, завершить после установления исхода.",ТК РФ ст. 229.2,https://www.consultant.ru/document/cons_doc_LAW_34683/,2025-10-17
V. Несчастные случаи и расследование,39,Нужно ли сообщать в ФСС о микротравме?,"Нет, микротравмы учитываются отдельно и не подлежат передаче в ФСС.",Приказ № 632н,,2025-10-17
V. Несчастные случаи и расследование,40,Кто определяет степень тяжести травмы?,Медицинская организация на основании медицинского заключения.,Приказ № 160н,,2025-10-17
V. Несчастные случаи и расследование,41,Можно ли признать НС не связанным с производством?,"Да, если травма получена в результате умысла, алкогольного опьянения, вне исполнения обязанностей.",ТК РФ ст. 229.2,https://www.consultant.ru/document/cons_doc_LAW_34683/,2025-10-17
V. Несчастные случаи и расследование,42,Что такое хронические профзаболевания?,"Заболевания, возникшие в результате длительного воздействия вредных факторов.",Постановление Правительства № 967,,2025-10-17
V. Несчастные случаи и расследование,43,Как расследуется профзаболевание?,Работодатель создает комиссию в течение 10 дней после получения извещения.,Постановление Правительства № 967,,2025-10-17
V. Несчастные случаи и расследование,44,Нужно ли фотографировать место НС?,Рекомендуется для фиксации обстановки и включения в материалы расследования.,ТК РФ ст. 229; Приказ № 223н,https://www.consultant.ru/document/cons_doc_LAW_34683/,2025-10-17
V. Несчастные случаи и расследование,45,Можно ли допустить к работе после НС без инструктажа?,"Нет, обязателен внеплановый инструктаж по результатам расследования.",Постановление № 1/29,https://www.consultant.ru/document/cons_doc_LAW_40987/,2025-10-17
V. Несчастные случаи и расследование,46,Что такое страховые выплаты по НС?,Единовременные и ежемесячные выплаты пострадавшему за счет ФСС.,ФЗ № 125-ФЗ,https://www.consultant.ru/document/cons_doc_LAW_19559/,2025-10-17
V. Несчастные случаи и расследование,47,Кто оплачивает лечение после НС на производстве?,ФСС в рамках обязательного социального страхования от НС.,ФЗ № 125-ФЗ ст. 8,https://www.consultant.ru/document/cons_doc_LAW_19559/,2025-10-17
V. Несчастные случаи и расследование,48,Можно ли уволить работника после НС?,"Можно, но не за отсутствие на работе по причине НС.",ТК РФ ст. 81,https://www.consultant.ru/document/cons_doc_LAW_34683/,2025-10-17
V. Несчастные случаи и расследование,49,Что делать если работник отказывается подписывать акт Н-1?,"Составить акт об отказе, акт Н-1 считается утвержденным.",Приказ № 223н,https://www.consultant.ru/document/cons_doc_LAW_418190/,2025-10-17
V. Несчастные случаи и расследование,50,Нужно ли разрабатывать мероприятия после НС?,"Да, обязательно разработать и реализовать план мероприятий по предотвращению подобных случаев.",ТК РФ ст. 212; Приказ № 776н,https://www.consultant.ru/document/cons_doc_LAW_34683/,2025-10-17
